{
    "Louisa Hinsby Park": {
        "coords": [
            -42.95158809091448,
            147.34620037020017
        ]
    },
    "Hinsby Beach": {
        "coords": [
            -42.95373970777129,
            147.34593214931832
        ]
    },
    "Rotary Centennial Park": {
        "coords": [
            -42.97813141527967,
            147.32459394136538
        ]
    },
    "Peter Murrell Conservation Area": {
        "coords": [
            -43.00484875608074,
            147.30344747634814
        ]
    },
    "Pierson's Park": {
        "coords": [
            -43.05073130994573,
            147.34194202787256
        ]
    },
    "Hall Reserve": {
        "coords": [
            -37.78798408052553,
            145.0073295701083
        ]
    }
}